<?xml version='1.0' encoding='UTF-8' ?>
<timeLogEntries>
  <time id="1" path="/No Proyecto/Lab Bolsa/Planning" start="@1554928209000" delta="45" flag="A" />
  <time id="2" path="/No Proyecto/Lab Bolsa/Planning" start="@1555028633000" delta="27" flag="A" />
  <time id="3" path="/No Proyecto/Lab Bolsa/Planning" start="@1555084822000" delta="96" flag="A" />
  <time id="4" path="/No Proyecto/Lab Bolsa/Design" start="@1555161224000" delta="42" flag="A" />
  <time id="5" path="/No Proyecto/Lab Bolsa/Design" start="@1555339089000" delta="21" flag="A" />
  <time id="6" flag="D" />
  <time id="7" path="/No Proyecto/Lab Bolsa/Code" start="@1555370032000" delta="92" flag="A" />
  <time id="8" path="/No Proyecto/Lab Bolsa/Code" start="@1555449762000" delta="48" flag="A" />
  <time id="9" path="/No Proyecto/Lab Bolsa/Code" start="@1555769872000" delta="83" flag="A" />
  <time id="10" path="/No Proyecto/Lab Bolsa/Code" start="@1555871632000" delta="106" flag="A" />
  <time id="11" path="/No Proyecto/Lab Bolsa/Code" start="@1555965772000" delta="249" flag="A" />
  <time id="12" path="/No Proyecto/Lab Bolsa/Code" start="@1556068193000" delta="146" flag="A" />
  <time id="13" path="/No Proyecto/Lab Bolsa/Code" start="@1556135763000" delta="426" flag="A" />
  <time id="14" path="/No Proyecto/Lab Bolsa/Code" start="@1556215853000" delta="526" flag="A" />
  <time id="15" path="/No Proyecto/Lab Bolsa/Compile" start="@1556241236000" delta="15" flag="A" />
  <time id="16" path="/No Proyecto/Lab Bolsa/Test" start="@1556047199000" delta="94" flag="A" />
  <time id="17" flag="D" />
  <time id="18" flag="D" />
  <time id="19" path="/No Proyecto/Lab Bolsa/Compile" start="@1556246191701" delta="36" flag="A" />
  <time id="20" path="/No Proyecto/Lab Bolsa/Test" start="@1556152766000" delta="56" flag="A" />
  <time id="21" path="/No Proyecto/Lab Bolsa/Test" start="@1556221016000" delta="175" flag="A" />
</timeLogEntries>
